{
  "emotion": [
    "neutral",
    "happy",
    "happy",
    "happy",
    "happy",
    "neutral"
  ],
  "emotion_conf": [
    0.9649845957756042,
    0.9616115689277649,
    0.9617052674293518,
    0.9563215970993042,
    0.9565523266792297,
    0.9561887979507446,
    0.9506532549858093,
    0.9527699947357178,
    0.954439103603363,
    0.9566141963005066,
    0.9612640142440796,
    0.9616069197654724,
    0.9502261877059937,
    0.9083308577537537,
    0.9535548686981201,
    0.9507483839988708,
    0.9385058283805847,
    0.950989842414856,
    0.9505947232246399,
    0.9543610215187073,
    0.9561930298805237,
    0.9553314447402954,
    0.9495652914047241,
    0.9586466550827026,
    0.9584224820137024,
    0.956489622592926,
    0.9570305347442627,
    0.9561573266983032,
    0.9677655100822449,
    0.9517021179199219,
    0.9501975178718567,
    0.9580691456794739,
    0.9628975987434387,
    0.9091365933418274,
    0.8593664169311523,
    0.9582374691963196,
    0.9639928340911865,
    0.9644560217857361,
    0.9648680090904236,
    0.9661989808082581,
    0.9660716652870178,
    0.8673779964447021,
    0.9601438641548157,
    0.9683818817138672,
    0.9627588987350464,
    0.964784562587738,
    0.9610400199890137,
    0.9620249271392822,
    0.9644458293914795,
    0.9643937349319458,
    0.9656493067741394,
    0.9656744003295898,
    0.9653086066246033,
    0.9621146321296692,
    0.9601916670799255,
    0.9582974314689636,
    0.9579551219940186,
    0.9575392603874207,
    0.9579601287841797,
    0.9566322565078735,
    0.958302915096283,
    0.9647600650787354,
    0.9646035432815552,
    0.9663125872612,
    0.9664521217346191,
    0.9648816585540771,
    0.9621118307113647,
    0.9686963558197021,
    0.9636498689651489,
    0.9661813974380493,
    0.9684452414512634,
    0.9690607786178589,
    0.9300952553749084,
    0.9547315239906311,
    0.956988513469696,
    0.9594873785972595,
    0.9438610076904297,
    0.962391197681427,
    0.9488722085952759,
    0.9574225544929504,
    0.9587244391441345,
    0.9623928666114807,
    0.9676697254180908,
    0.7847850918769836,
    0.8228139281272888,
    0.8833122253417969
  ],
  "gender": [
    "Male",
    "Male",
    "Male",
    "Male",
    "Male",
    "Male"
  ],
  "race": [
    "Asian",
    "Asian",
    "Asian",
    "Asian",
    "Asian",
    "Asian"
  ],
  "age": [
    "20-29",
    "10-19",
    "20-29",
    "10-19",
    "30-39",
    "20-29"
  ],
  "timeline": [
    {
      "frame": 1,
      "time": 1.0,
      "person_id": 1,
      "emotion": "neutral",
      "confidence": 0.9649845957756042
    },
    {
      "frame": 2,
      "time": 2.0,
      "person_id": 1,
      "emotion": "neutral",
      "confidence": 0.9616115689277649
    },
    {
      "frame": 3,
      "time": 3.0,
      "person_id": 1,
      "emotion": "neutral",
      "confidence": 0.9617052674293518
    },
    {
      "frame": 4,
      "time": 4.0,
      "person_id": 1,
      "emotion": "neutral",
      "confidence": 0.9563215970993042
    },
    {
      "frame": 5,
      "time": 5.0,
      "person_id": 1,
      "emotion": "neutral",
      "confidence": 0.9565523266792297
    },
    {
      "frame": 6,
      "time": 6.0,
      "person_id": 1,
      "emotion": "neutral",
      "confidence": 0.9561887979507446
    },
    {
      "frame": 7,
      "time": 7.0,
      "person_id": 1,
      "emotion": "neutral",
      "confidence": 0.9506532549858093
    },
    {
      "frame": 8,
      "time": 8.0,
      "person_id": 1,
      "emotion": "neutral",
      "confidence": 0.9527699947357178
    },
    {
      "frame": 9,
      "time": 9.0,
      "person_id": 1,
      "emotion": "neutral",
      "confidence": 0.954439103603363
    },
    {
      "frame": 10,
      "time": 10.0,
      "person_id": 1,
      "emotion": "neutral",
      "confidence": 0.9566141963005066
    },
    {
      "frame": 11,
      "time": 11.0,
      "person_id": 1,
      "emotion": "neutral",
      "confidence": 0.9612640142440796
    },
    {
      "frame": 12,
      "time": 12.0,
      "person_id": 1,
      "emotion": "neutral",
      "confidence": 0.9616069197654724
    },
    {
      "frame": 13,
      "time": 13.0,
      "person_id": 1,
      "emotion": "neutral",
      "confidence": 0.9502261877059937
    },
    {
      "frame": 14,
      "time": 14.0,
      "person_id": 1,
      "emotion": "neutral",
      "confidence": 0.9083308577537537
    },
    {
      "frame": 15,
      "time": 15.0,
      "person_id": 1,
      "emotion": "neutral",
      "confidence": 0.9535548686981201
    },
    {
      "frame": 16,
      "time": 16.0,
      "person_id": 1,
      "emotion": "neutral",
      "confidence": 0.9507483839988708
    },
    {
      "frame": 17,
      "time": 17.0,
      "person_id": 1,
      "emotion": "neutral",
      "confidence": 0.9385058283805847
    },
    {
      "frame": 18,
      "time": 18.0,
      "person_id": 1,
      "emotion": "neutral",
      "confidence": 0.950989842414856
    },
    {
      "frame": 19,
      "time": 19.0,
      "person_id": 1,
      "emotion": "neutral",
      "confidence": 0.9505947232246399
    },
    {
      "frame": 20,
      "time": 20.0,
      "person_id": 1,
      "emotion": "neutral",
      "confidence": 0.9543610215187073
    },
    {
      "frame": 21,
      "time": 21.0,
      "person_id": 1,
      "emotion": "neutral",
      "confidence": 0.9561930298805237
    },
    {
      "frame": 22,
      "time": 22.0,
      "person_id": 1,
      "emotion": "neutral",
      "confidence": 0.9553314447402954
    },
    {
      "frame": 23,
      "time": 23.0,
      "person_id": 1,
      "emotion": "neutral",
      "confidence": 0.9495652914047241
    },
    {
      "frame": 24,
      "time": 24.0,
      "person_id": 1,
      "emotion": "neutral",
      "confidence": 0.9586466550827026
    },
    {
      "frame": 25,
      "time": 25.0,
      "person_id": 1,
      "emotion": "neutral",
      "confidence": 0.9584224820137024
    },
    {
      "frame": 26,
      "time": 26.0,
      "person_id": 1,
      "emotion": "neutral",
      "confidence": 0.956489622592926
    },
    {
      "frame": 27,
      "time": 27.0,
      "person_id": 1,
      "emotion": "neutral",
      "confidence": 0.9570305347442627
    },
    {
      "frame": 28,
      "time": 28.0,
      "person_id": 1,
      "emotion": "neutral",
      "confidence": 0.9561573266983032
    },
    {
      "frame": 113,
      "time": 113.0,
      "person_id": 3,
      "emotion": "happy",
      "confidence": 0.9677655100822449
    },
    {
      "frame": 114,
      "time": 114.0,
      "person_id": 3,
      "emotion": "neutral",
      "confidence": 0.9517021179199219
    },
    {
      "frame": 115,
      "time": 115.0,
      "person_id": 3,
      "emotion": "happy",
      "confidence": 0.9501975178718567
    },
    {
      "frame": 116,
      "time": 116.0,
      "person_id": 3,
      "emotion": "happy",
      "confidence": 0.9580691456794739
    },
    {
      "frame": 117,
      "time": 117.0,
      "person_id": 3,
      "emotion": "happy",
      "confidence": 0.9628975987434387
    },
    {
      "frame": 118,
      "time": 118.0,
      "person_id": 3,
      "emotion": "happy",
      "confidence": 0.9091365933418274
    },
    {
      "frame": 119,
      "time": 119.0,
      "person_id": 3,
      "emotion": "neutral",
      "confidence": 0.8593664169311523
    },
    {
      "frame": 120,
      "time": 120.0,
      "person_id": 3,
      "emotion": "neutral",
      "confidence": 0.9582374691963196
    },
    {
      "frame": 121,
      "time": 121.0,
      "person_id": 3,
      "emotion": "happy",
      "confidence": 0.9639928340911865
    },
    {
      "frame": 122,
      "time": 122.0,
      "person_id": 3,
      "emotion": "happy",
      "confidence": 0.9644560217857361
    },
    {
      "frame": 123,
      "time": 123.0,
      "person_id": 3,
      "emotion": "happy",
      "confidence": 0.9648680090904236
    },
    {
      "frame": 124,